modele;vrai_vehicule;rarete;longueur_m;largeur_m;hauteur_m;longueur_studs;largeur_studs;hauteur_studs;largeur_hauteur_source;ancienne_longueur_studs
M4;BMW M4 (G82);Epic;4.794;1.887;1.393;22.0;9.5;6.5;modele 3D du jeu;16
Clio4;Renault Clio IV;Common;4.063;1.732;1.448;18.6;8.5;6.9;modele 3D du jeu;16
Golf2;VW Golf II;Common;3.985;1.665;1.415;18.3;9.0;7.4;modele 3D du jeu;16
Golf;VW Golf VIII;Uncommon;4.284;1.789;1.456;19.7;9.1;6.6;modele 3D du jeu;16
Volvo240;Volvo 240 berline;Uncommon;4.79;1.71;1.435;22.0;7.8;7.0;modele 3D du jeu;16
Mercedes;Mercedes Classe C (W205);Rare;4.686;1.81;1.442;21.5;9.0;5.8;modele 3D du jeu;16
Dodge;Dodge Challenger;Rare;5.02;1.923;1.449;23.0;11.2;7.2;modele 3D du jeu;16
ClassG;Mercedes Classe G (W463);Epic;4.817;1.931;1.969;22.1;8.9;9.0;dimensions reelles;16
GT3;Porsche 911 GT3 (992);Legendary;4.573;1.852;1.279;21.0;8.9;6.6;modele 3D du jeu;16
Urus;Lamborghini Urus;Legendary;5.112;2.016;1.638;23.5;10.1;7.9;modele 3D du jeu;16
F448;Ferrari 488;Mythic;4.527;1.952;1.213;20.8;9.0;5.6;dimensions reelles;16
Follie;(modele a confirmer);Divine;4.7;1.9;1.3;21.6;11.2;5.9;modele 3D du jeu;16
Fourgon;Mercedes Sprinter L2 (camion de livraison);-;5.932;2.02;2.7;27.2;9.3;12.4;dimensions reelles;20
